{
	"credit": "designed by duanti, made with Blockbench",
	"textures": {
		"particle": "item/carrot_on_a_stick/chinesedragon",
		"texture": "item/carrot_on_a_stick/chinesedragon",
		"wings": "item/carrot_on_a_stick/chinesedragon_wings1",
		"wings2": "item/carrot_on_a_stick/chinesedragon_wings2",
		"wings3": "item/carrot_on_a_stick/chinesedragon_wings3"
	},
	"elements": [
		{
			"from": [6.75, 10.125, 0.75],
			"to": [9.25, 13.375, 1.25],
			"faces": {
				"north": {"uv": [0, 2, 0.25, 6.5], "texture": "#texture"},
				"east": {"uv": [0.5, 2, 0, 6.5], "texture": "#texture"},
				"south": {"uv": [7.5, 2, 10, 6.5], "texture": "#texture"},
				"west": {"uv": [2.25, 2, 2.75, 6.5], "texture": "#texture"},
				"up": {"uv": [4, 0, 4.5, 2], "rotation": 90, "texture": "#texture"},
				"down": {"uv": [6.75, 6.5, 7.25, 8.75], "rotation": 90, "texture": "#texture"}
			}
		},
		{
			"from": [7, 10.25, 0.25],
			"to": [9, 13.25, 0.75],
			"faces": {
				"north": {"uv": [0.25, 2, 2.5, 6.5], "texture": "#texture"},
				"east": {"uv": [1, 2, 1.75, 6.5], "texture": "#texture"},
				"south": {"uv": [7.5, 2, 10, 6.5], "texture": "#texture"},
				"west": {"uv": [1, 2, 1.75, 6.5], "texture": "#texture"},
				"up": {"uv": [3, 0, 3.5, 2], "rotation": 90, "texture": "#texture"},
				"down": {"uv": [6.75, 6.5, 7.25, 8.75], "rotation": 90, "texture": "#texture"}
			}
		},
		{
			"from": [7.75, 11.25, -0.25],
			"to": [8.25, 13.25, 0],
			"faces": {
				"north": {"uv": [1, 2, 1.75, 4.25], "texture": "#texture"},
				"east": {"uv": [0, 2, 0.25, 4.25], "texture": "#texture"},
				"south": {"uv": [7.5, 2, 10, 6.5], "texture": "#texture"},
				"west": {"uv": [2.5, 2, 2.75, 4.25], "texture": "#texture"},
				"up": {"uv": [0, 0, 0.5, 0.5], "rotation": 90, "texture": "#texture"},
				"down": {"uv": [0, 2, 0.5, 2.5], "rotation": 90, "texture": "#texture"}
			}
		},
		{
			"from": [7.375, 11.5, 0],
			"to": [8.625, 11.75, 0.25],
			"faces": {
				"north": {"uv": [1, 4, 1.75, 4.25], "texture": "#texture"},
				"east": {"uv": [1, 4, 1.75, 4.25], "texture": "#texture"},
				"south": {"uv": [1, 4, 1.75, 4.25], "texture": "#texture"},
				"west": {"uv": [1, 4, 1.75, 4.25], "texture": "#texture"},
				"up": {"uv": [1, 4, 1.75, 4.25], "texture": "#texture"},
				"down": {"uv": [1, 4, 1.75, 4.25], "texture": "#texture"}
			}
		},
		{
			"from": [7.625, 11.25, 0],
			"to": [8.375, 11.5, 0.25],
			"faces": {
				"north": {"uv": [1, 4, 1.75, 4.25], "texture": "#texture"},
				"east": {"uv": [1, 4, 1.75, 4.25], "texture": "#texture"},
				"south": {"uv": [1, 4, 1.75, 4.25], "texture": "#texture"},
				"west": {"uv": [1, 4, 1.75, 4.25], "texture": "#texture"},
				"up": {"uv": [1, 4, 1.75, 4.25], "texture": "#texture"},
				"down": {"uv": [1, 4, 1.75, 4.25], "texture": "#texture"}
			}
		},
		{
			"from": [6.5, 10, 1.25],
			"to": [9.5, 13.5, 5.75],
			"faces": {
				"north": {"uv": [0, 2, 0.25, 6.5], "texture": "#texture"},
				"east": {"uv": [7.25, 2, 2.75, 6.5], "texture": "#texture"},
				"south": {"uv": [7.25, 2, 10, 6.5], "texture": "#texture"},
				"west": {"uv": [2.75, 2, 7.25, 6.5], "texture": "#texture"},
				"up": {"uv": [2.75, 0, 7.25, 2], "rotation": 90, "texture": "#texture"},
				"down": {"uv": [2.75, 6.5, 7.25, 8.75], "rotation": 90, "texture": "#texture"}
			}
		},
		{
			"from": [5.625, 5.8263, 9.5201],
			"to": [10.375, 10.4513, 12.8951],
			"rotation": {"angle": 22.5, "axis": "x", "origin": [5.625, 5.875, 12.875]},
			"faces": {
				"north": {"uv": [2.75, 8.75, 0, 6.5], "rotation": 180, "texture": "#texture"},
				"east": {"uv": [7.25, 8.75, 2.75, 11.5], "rotation": 90, "texture": "#texture"},
				"south": {"uv": [7.25, 6.5, 10, 8.75], "texture": "#texture"},
				"west": {"uv": [2.75, 8.75, 7.25, 11.5], "rotation": 270, "texture": "#texture"},
				"up": {"uv": [7.25, 8.75, 10.25, 11.5], "texture": "#texture"},
				"down": {"uv": [2.75, 11.5, 0, 8.75], "texture": "#texture"}
			}
		},
		{
			"from": [6, 6.5, 6.75],
			"to": [10, 10.5, 12.25],
			"rotation": {"angle": 22.5, "axis": "x", "origin": [6, 6.5, 12.25]},
			"faces": {
				"north": {"uv": [2.75, 8.75, 0, 6.5], "rotation": 180, "texture": "#texture"},
				"east": {"uv": [7.25, 8.75, 2.75, 16], "rotation": 90, "texture": "#texture"},
				"south": {"uv": [7.25, 6.5, 10, 8.75], "texture": "#texture"},
				"west": {"uv": [2.75, 8.75, 7.25, 16], "rotation": 270, "texture": "#texture"},
				"up": {"uv": [7.25, 8.75, 10.25, 12.5], "texture": "#texture"},
				"down": {"uv": [2.75, 16, 0, 8.75], "texture": "#texture"}
			}
		},
		{
			"from": [6.75, 10.5, 4],
			"to": [9.25, 13.5, 8.25],
			"rotation": {"angle": 22.5, "axis": "x", "origin": [6.75, 10.5, 4]},
			"faces": {
				"north": {"uv": [2.75, 8.75, 0, 6.5], "rotation": 180, "texture": "#texture"},
				"east": {"uv": [2.75, 8.75, 7.25, 12.25], "rotation": 270, "texture": "#texture"},
				"south": {"uv": [7.25, 6.5, 10, 8.75], "rotation": 180, "texture": "#texture"},
				"west": {"uv": [2.75, 8.75, 7.25, 12.25], "rotation": 270, "texture": "#texture"},
				"up": {"uv": [7.25, 8.75, 10.5, 11.25], "texture": "#texture"},
				"down": {"uv": [2.75, 16, 0, 8.75], "texture": "#texture"}
			}
		},
		{
			"from": [6, 6.25, 13],
			"to": [10, 9.75, 16.75],
			"faces": {
				"north": {"uv": [2.75, 8.75, 0, 6.5], "rotation": 180, "texture": "#texture"},
				"east": {"uv": [7.25, 8.75, 2.75, 16], "rotation": 90, "texture": "#texture"},
				"south": {"uv": [7.25, 6.5, 10, 8.75], "texture": "#texture"},
				"west": {"uv": [2.75, 8.75, 7.25, 16], "rotation": 270, "texture": "#texture"},
				"up": {"uv": [7.25, 8.75, 10.25, 12.5], "texture": "#texture"},
				"down": {"uv": [0, 8.75, 2.75, 12.5], "texture": "#texture"}
			}
		},
		{
			"from": [6.5, 6.5, 16.25],
			"to": [9.5, 9.5, 19.5],
			"faces": {
				"north": {"uv": [2.75, 8.75, 0, 6.5], "rotation": 180, "texture": "#texture"},
				"east": {"uv": [2.75, 8.75, 7.25, 12.75], "rotation": 270, "texture": "#texture"},
				"south": {"uv": [7.25, 6.5, 10, 8.75], "texture": "#texture"},
				"west": {"uv": [2.75, 8.75, 7.25, 12.75], "rotation": 270, "texture": "#texture"},
				"up": {"uv": [7.25, 8.75, 10.25, 12.5], "texture": "#texture"},
				"down": {"uv": [0, 8.75, 2.75, 12.5], "texture": "#texture"}
			}
		},
		{
			"from": [7, 7, 19.5],
			"to": [9, 9.25, 22.75],
			"rotation": {"angle": -22.5, "axis": "x", "origin": [7, 7, 19.5]},
			"faces": {
				"north": {"uv": [2.75, 8.75, 0, 6.5], "rotation": 180, "texture": "#texture"},
				"east": {"uv": [2.75, 8.75, 7.25, 12.75], "rotation": 270, "texture": "#texture"},
				"south": {"uv": [7.25, 6.5, 10, 8.75], "texture": "#texture"},
				"west": {"uv": [2.75, 8.75, 7.25, 12.75], "rotation": 270, "texture": "#texture"},
				"up": {"uv": [7.25, 8.75, 10.25, 12.5], "texture": "#texture"},
				"down": {"uv": [0, 8.75, 2.75, 12.5], "texture": "#texture"}
			}
		},
		{
			"from": [7.25, 8.5, 21.5],
			"to": [8.75, 10.25, 24.25],
			"faces": {
				"north": {"uv": [2.75, 8.75, 0, 6.5], "rotation": 180, "texture": "#texture"},
				"east": {"uv": [2.75, 8.75, 7.25, 12.75], "rotation": 270, "texture": "#texture"},
				"south": {"uv": [7.25, 6.5, 10, 8.75], "texture": "#texture"},
				"west": {"uv": [2.75, 8.75, 7.25, 12.75], "rotation": 270, "texture": "#texture"},
				"up": {"uv": [7.25, 8.75, 10.25, 12.5], "texture": "#texture"},
				"down": {"uv": [0, 8.75, 2.75, 12.5], "texture": "#texture"}
			}
		},
		{
			"from": [7.5, 9, 23.5],
			"to": [8.5, 10.25, 26],
			"rotation": {"angle": 22.5, "axis": "x", "origin": [7.5, 9, 23.5]},
			"faces": {
				"north": {"uv": [2.75, 8.75, 0, 6.5], "rotation": 180, "texture": "#texture"},
				"east": {"uv": [7.25, 8.75, 2.75, 16], "rotation": 90, "texture": "#texture"},
				"south": {"uv": [7.25, 6.5, 10, 8.75], "texture": "#texture"},
				"west": {"uv": [2.75, 8.75, 7.25, 16], "rotation": 270, "texture": "#texture"},
				"up": {"uv": [7.25, 8.75, 10.25, 12.5], "texture": "#texture"},
				"down": {"uv": [0, 8.75, 2.75, 12.5], "texture": "#texture"}
			}
		},
		{
			"from": [7.75, 8.375, 25.75],
			"to": [8.25, 9.125, 27.5],
			"rotation": {"angle": 22.5, "axis": "x", "origin": [7.75, 8.375, 25.75]},
			"faces": {
				"north": {"uv": [2.75, 8.75, 0, 6.5], "rotation": 180, "texture": "#texture"},
				"east": {"uv": [7.25, 8.75, 2.75, 16], "rotation": 90, "texture": "#texture"},
				"south": {"uv": [7.25, 6.5, 10, 8.75], "texture": "#texture"},
				"west": {"uv": [2.75, 8.75, 7.25, 16], "rotation": 270, "texture": "#texture"},
				"up": {"uv": [7.25, 8.75, 10.25, 12.5], "texture": "#texture"},
				"down": {"uv": [0, 8.75, 2.75, 12.5], "texture": "#texture"}
			}
		},
		{
			"from": [9.75, 4.5, 13.25],
			"to": [11.25, 5, 17],
			"faces": {
				"north": {"uv": [10.5, 8.75, 10.25, 6.5], "rotation": 90, "texture": "#texture"},
				"east": {"uv": [10.25, 12.25, 11, 8.75], "rotation": 270, "texture": "#texture"},
				"south": {"uv": [10.5, 6.5, 10.75, 8.75], "rotation": 90, "texture": "#texture"},
				"west": {"uv": [0, 7.5, 2.75, 8.25], "texture": "#texture"},
				"up": {"uv": [16, 12.25, 13.75, 8.75], "texture": "#texture"},
				"down": {"uv": [13.75, 8.75, 16, 12.25], "texture": "#texture"}
			}
		},
		{
			"from": [10, 4, 14],
			"to": [11, 4.5, 15.25],
			"faces": {
				"north": {"uv": [14, 8.75, 12.75, 6.5], "rotation": 90, "texture": "#texture"},
				"east": {"uv": [16, 11.25, 13.75, 12.25], "texture": "#texture"},
				"south": {"uv": [14, 8.75, 12.75, 6.5], "rotation": 90, "texture": "#texture"},
				"west": {"uv": [0, 6.75, 1.25, 8.25], "rotation": 270, "texture": "#texture"},
				"up": {"uv": [13.75, 8.75, 16, 12.25], "texture": "#texture"},
				"down": {"uv": [16, 12.25, 13.75, 8.75], "texture": "#texture"}
			}
		},
		{
			"from": [9.5, 5, 13.25],
			"to": [11.25, 9.25, 17],
			"faces": {
				"north": {"uv": [13.75, 8.75, 16, 12.25], "texture": "#texture"},
				"east": {"uv": [13.5, 9, 10.5, 12], "texture": "#texture"},
				"south": {"uv": [13.75, 8.75, 16, 12.25], "texture": "#texture"},
				"west": {"uv": [0, 8.75, 2.75, 11.5], "texture": "#texture"},
				"up": {"uv": [10.25, 6.5, 14, 8.75], "rotation": 90, "texture": "#texture"},
				"down": {"uv": [10.25, 6.5, 14, 8.75], "rotation": 90, "texture": "#texture"}
			}
		},
		{
			"from": [9.5, 5, 17],
			"to": [11.25, 9.25, 17.5],
			"faces": {
				"north": {"uv": [13.75, 8.75, 16, 12.25], "texture": "#texture"},
				"east": {"uv": [10.25, 8.75, 11, 12.25], "texture": "#texture"},
				"south": {"uv": [13.75, 8.75, 16, 12.25], "texture": "#texture"},
				"west": {"uv": [11, 12.25, 10.25, 8.75], "texture": "#texture"},
				"up": {"uv": [14, 8.75, 13.25, 6.5], "rotation": 90, "texture": "#texture"},
				"down": {"uv": [10.25, 6.5, 14, 8.75], "rotation": 90, "texture": "#texture"}
			}
		},
		{
			"from": [9.5, 5, 12.75],
			"to": [11.25, 9.25, 13.25],
			"faces": {
				"north": {"uv": [13.75, 8.75, 16, 12.25], "texture": "#texture"},
				"east": {"uv": [11, 8.75, 10.25, 12.25], "texture": "#texture"},
				"south": {"uv": [13.75, 8.75, 16, 12.25], "texture": "#texture"},
				"west": {"uv": [10.25, 12.25, 11, 8.75], "texture": "#texture"},
				"up": {"uv": [14, 8.75, 13.25, 6.5], "rotation": 90, "texture": "#texture"},
				"down": {"uv": [10.25, 6.5, 14, 8.75], "rotation": 90, "texture": "#texture"}
			}
		},
		{
			"from": [10, 9.25, 13.25],
			"to": [11.25, 9.75, 17],
			"faces": {
				"north": {"uv": [10.5, 8.75, 10.25, 6.5], "rotation": 90, "texture": "#texture"},
				"east": {"uv": [11, 8.75, 10.25, 12.25], "rotation": 270, "texture": "#texture"},
				"south": {"uv": [10.5, 6.5, 10.75, 8.75], "rotation": 90, "texture": "#texture"},
				"west": {"uv": [10.25, 12.25, 11, 8.75], "rotation": 90, "texture": "#texture"},
				"up": {"uv": [14, 8.75, 10.25, 6.5], "rotation": 90, "texture": "#texture"},
				"down": {"uv": [13.75, 8.75, 16, 12.25], "texture": "#texture"}
			}
		},
		{
			"from": [10, 3.75, 15.25],
			"to": [11, 6, 18.75],
			"faces": {
				"north": {"uv": [14, 8.75, 10.25, 6.5], "rotation": 90, "texture": "#texture"},
				"east": {"uv": [13.75, 8.75, 10.25, 12.25], "rotation": 90, "texture": "#texture"},
				"south": {"uv": [0, 6.5, 2.75, 11], "texture": "#texture"},
				"west": {"uv": [10.25, 4.75, 7.25, 6.5], "rotation": 270, "texture": "#texture"},
				"up": {"uv": [13.75, 8.75, 16, 12.25], "texture": "#texture"},
				"down": {"uv": [16, 12.25, 13.75, 8.75], "texture": "#texture"}
			}
		},
		{
			"from": [9.5, 3, 18.75],
			"to": [11.25, 5.25, 20],
			"faces": {
				"north": {"uv": [7.25, 4.75, 10.25, 6.5], "rotation": 270, "texture": "#texture"},
				"east": {"uv": [7.25, 4.75, 10.25, 6.5], "rotation": 270, "texture": "#texture"},
				"south": {"uv": [7.25, 4.75, 10.25, 6.5], "rotation": 270, "texture": "#texture"},
				"west": {"uv": [7.25, 4.75, 10.25, 6.5], "rotation": 270, "texture": "#texture"},
				"up": {"uv": [7.75, 7.5, 9.5, 8.25], "rotation": 270, "texture": "#texture"},
				"down": {"uv": [7.75, 7.5, 9.5, 8.25], "rotation": 270, "texture": "#texture"}
			}
		},
		{
			"from": [10, 2.75, 18.5],
			"to": [10.75, 3.5, 20.25],
			"rotation": {"angle": 22.5, "axis": "x", "origin": [10, 2.75, 18.5]},
			"faces": {
				"north": {"uv": [16, 6, 15, 5.25], "rotation": 270, "texture": "#texture"},
				"east": {"uv": [15, 5.25, 16, 7], "rotation": 90, "texture": "#texture"},
				"south": {"uv": [15, 5.25, 16, 6], "rotation": 270, "texture": "#texture"},
				"west": {"uv": [15, 5.25, 16, 7], "rotation": 270, "texture": "#texture"},
				"up": {"uv": [15, 5.25, 16, 7], "texture": "#texture"},
				"down": {"uv": [16, 7, 15, 5.25], "texture": "#texture"}
			}
		},
		{
			"from": [9, 2.75, 18.5],
			"to": [9.75, 3.5, 20.25],
			"rotation": {"angle": 22.5, "axis": "x", "origin": [9, 2.75, 18.5]},
			"faces": {
				"north": {"uv": [16, 6, 15, 5.25], "rotation": 270, "texture": "#texture"},
				"east": {"uv": [15, 5.25, 16, 7], "rotation": 90, "texture": "#texture"},
				"south": {"uv": [15, 5.25, 16, 6], "rotation": 270, "texture": "#texture"},
				"west": {"uv": [15, 5.25, 16, 7], "rotation": 270, "texture": "#texture"},
				"up": {"uv": [15, 5.25, 16, 7], "texture": "#texture"},
				"down": {"uv": [16, 7, 15, 5.25], "texture": "#texture"}
			}
		},
		{
			"from": [11, 2.75, 18.5],
			"to": [11.75, 3.5, 20.25],
			"rotation": {"angle": 22.5, "axis": "x", "origin": [11, 2.75, 18.5]},
			"faces": {
				"north": {"uv": [16, 6, 15, 5.25], "rotation": 270, "texture": "#texture"},
				"east": {"uv": [15, 5.25, 16, 7], "rotation": 90, "texture": "#texture"},
				"south": {"uv": [15, 5.25, 16, 6], "rotation": 270, "texture": "#texture"},
				"west": {"uv": [15, 5.25, 16, 7], "rotation": 270, "texture": "#texture"},
				"up": {"uv": [15, 5.25, 16, 7], "texture": "#texture"},
				"down": {"uv": [16, 7, 15, 5.25], "texture": "#texture"}
			}
		},
		{
			"from": [9.375, 4.75, 18.75],
			"to": [9.875, 5.5, 20.5],
			"rotation": {"angle": -22.5, "axis": "x", "origin": [9.375, 4.75, 18.75]},
			"faces": {
				"north": {"uv": [16, 6, 15, 5.25], "rotation": 270, "texture": "#texture"},
				"east": {"uv": [15, 5.25, 16, 7], "rotation": 90, "texture": "#texture"},
				"south": {"uv": [15, 5.25, 16, 6], "rotation": 270, "texture": "#texture"},
				"west": {"uv": [15, 5.25, 16, 7], "rotation": 270, "texture": "#texture"},
				"up": {"uv": [15, 5.25, 16, 7], "texture": "#texture"},
				"down": {"uv": [16, 7, 15, 5.25], "texture": "#texture"}
			}
		},
		{
			"from": [9.5, 5.5, 20],
			"to": [9.75, 5.75, 20.75],
			"rotation": {"angle": -22.5, "axis": "x", "origin": [9.5, 5.75, 20]},
			"faces": {
				"north": {"uv": [16, 5.25, 15, 3], "rotation": 90, "texture": "#texture"},
				"east": {"uv": [15, 3, 16, 5.25], "rotation": 90, "texture": "#texture"},
				"south": {"uv": [15, 3, 16, 5.25], "rotation": 90, "texture": "#texture"},
				"west": {"uv": [15, 3, 16, 5.25], "rotation": 270, "texture": "#texture"},
				"up": {"uv": [16, 5.25, 15, 3], "rotation": 180, "texture": "#texture"},
				"down": {"uv": [15, 3, 16, 5.25], "rotation": 180, "texture": "#texture"}
			}
		},
		{
			"from": [11.25, 2, 19.75],
			"to": [11.5, 2.25, 21],
			"rotation": {"angle": 22.5, "axis": "x", "origin": [11.25, 2, 21]},
			"faces": {
				"north": {"uv": [16, 5.25, 15, 3], "rotation": 90, "texture": "#texture"},
				"east": {"uv": [15, 3, 16, 5.25], "rotation": 270, "texture": "#texture"},
				"south": {"uv": [15, 3, 16, 5.25], "rotation": 90, "texture": "#texture"},
				"west": {"uv": [15, 3, 16, 5.25], "rotation": 90, "texture": "#texture"},
				"up": {"uv": [15, 3, 16, 5.25], "rotation": 180, "texture": "#texture"},
				"down": {"uv": [16, 5.25, 15, 3], "rotation": 180, "texture": "#texture"}
			}
		},
		{
			"from": [10.25, 2, 19.75],
			"to": [10.5, 2.25, 21],
			"rotation": {"angle": 22.5, "axis": "x", "origin": [10.25, 2, 21]},
			"faces": {
				"north": {"uv": [16, 5.25, 15, 3], "rotation": 90, "texture": "#texture"},
				"east": {"uv": [15, 3, 16, 5.25], "rotation": 270, "texture": "#texture"},
				"south": {"uv": [15, 3, 16, 5.25], "rotation": 90, "texture": "#texture"},
				"west": {"uv": [15, 3, 16, 5.25], "rotation": 90, "texture": "#texture"},
				"up": {"uv": [15, 3, 16, 5.25], "rotation": 180, "texture": "#texture"},
				"down": {"uv": [16, 5.25, 15, 3], "rotation": 180, "texture": "#texture"}
			}
		},
		{
			"from": [9.25, 2, 19.75],
			"to": [9.5, 2.25, 21],
			"rotation": {"angle": 22.5, "axis": "x", "origin": [9.25, 2, 21]},
			"faces": {
				"north": {"uv": [16, 5.25, 15, 3], "rotation": 90, "texture": "#texture"},
				"east": {"uv": [15, 3, 16, 5.25], "rotation": 270, "texture": "#texture"},
				"south": {"uv": [15, 3, 16, 5.25], "rotation": 90, "texture": "#texture"},
				"west": {"uv": [15, 3, 16, 5.25], "rotation": 90, "texture": "#texture"},
				"up": {"uv": [15, 3, 16, 5.25], "rotation": 180, "texture": "#texture"},
				"down": {"uv": [16, 5.25, 15, 3], "rotation": 180, "texture": "#texture"}
			}
		},
		{
			"from": [6.25, 5.5, 20.0625],
			"to": [6.5, 5.75, 20.8125],
			"rotation": {"angle": -22.5, "axis": "x", "origin": [6.25, 5.75, 20.0625]},
			"faces": {
				"north": {"uv": [16, 5.25, 15, 3], "rotation": 90, "texture": "#texture"},
				"east": {"uv": [15, 3, 16, 5.25], "rotation": 90, "texture": "#texture"},
				"south": {"uv": [15, 3, 16, 5.25], "rotation": 90, "texture": "#texture"},
				"west": {"uv": [15, 3, 16, 5.25], "rotation": 270, "texture": "#texture"},
				"up": {"uv": [16, 5.25, 15, 3], "rotation": 180, "texture": "#texture"},
				"down": {"uv": [15, 3, 16, 5.25], "rotation": 180, "texture": "#texture"}
			}
		},
		{
			"from": [6.125, 4.75, 18.75],
			"to": [6.625, 5.5, 20.5],
			"rotation": {"angle": -22.5, "axis": "x", "origin": [6.125, 4.75, 18.75]},
			"faces": {
				"north": {"uv": [16, 6, 15, 5.25], "rotation": 270, "texture": "#texture"},
				"east": {"uv": [15, 5.25, 16, 7], "rotation": 90, "texture": "#texture"},
				"south": {"uv": [15, 5.25, 16, 6], "rotation": 270, "texture": "#texture"},
				"west": {"uv": [15, 5.25, 16, 7], "rotation": 270, "texture": "#texture"},
				"up": {"uv": [15, 5.25, 16, 7], "texture": "#texture"},
				"down": {"uv": [16, 7, 15, 5.25], "texture": "#texture"}
			}
		},
		{
			"from": [5, 3.75, 15.25],
			"to": [6, 6, 18.75],
			"faces": {
				"north": {"uv": [14, 8.75, 10.25, 6.5], "rotation": 90, "texture": "#texture"},
				"east": {"uv": [10.25, 4.75, 7.25, 6.5], "rotation": 270, "texture": "#texture"},
				"south": {"uv": [0, 6.5, 2.75, 11], "texture": "#texture"},
				"west": {"uv": [10.25, 8.75, 13.75, 12.25], "rotation": 270, "texture": "#texture"},
				"up": {"uv": [13.75, 8.75, 16, 12.25], "texture": "#texture"},
				"down": {"uv": [16, 12.25, 13.75, 8.75], "texture": "#texture"}
			}
		},
		{
			"from": [4.75, 3, 18.75],
			"to": [6.5, 5.25, 20],
			"faces": {
				"north": {"uv": [7.25, 4.75, 10.25, 6.5], "rotation": 270, "texture": "#texture"},
				"east": {"uv": [7.25, 4.75, 10.25, 6.5], "rotation": 270, "texture": "#texture"},
				"south": {"uv": [7.25, 4.75, 10.25, 6.5], "rotation": 270, "texture": "#texture"},
				"west": {"uv": [7.25, 4.75, 10.25, 6.5], "rotation": 270, "texture": "#texture"},
				"up": {"uv": [7.75, 7.5, 9.5, 8.25], "rotation": 270, "texture": "#texture"},
				"down": {"uv": [7.75, 7.5, 9.5, 8.25], "rotation": 270, "texture": "#texture"}
			}
		},
		{
			"from": [4.75, 5, 17],
			"to": [6.5, 9.25, 17.5],
			"faces": {
				"north": {"uv": [13.75, 8.75, 16, 12.25], "texture": "#texture"},
				"east": {"uv": [10.25, 8.75, 11, 12.25], "texture": "#texture"},
				"south": {"uv": [13.75, 8.75, 16, 12.25], "texture": "#texture"},
				"west": {"uv": [11, 12.25, 10.25, 8.75], "texture": "#texture"},
				"up": {"uv": [14, 8.75, 13.25, 6.5], "rotation": 90, "texture": "#texture"},
				"down": {"uv": [10.25, 6.5, 14, 8.75], "rotation": 90, "texture": "#texture"}
			}
		},
		{
			"from": [4.25, 2.75, 18.5],
			"to": [5, 3.5, 20.25],
			"rotation": {"angle": 22.5, "axis": "x", "origin": [4.25, 2.75, 18.5]},
			"faces": {
				"north": {"uv": [16, 6, 15, 5.25], "rotation": 270, "texture": "#texture"},
				"east": {"uv": [15, 5.25, 16, 7], "rotation": 90, "texture": "#texture"},
				"south": {"uv": [15, 5.25, 16, 6], "rotation": 270, "texture": "#texture"},
				"west": {"uv": [15, 5.25, 16, 7], "rotation": 270, "texture": "#texture"},
				"up": {"uv": [15, 5.25, 16, 7], "texture": "#texture"},
				"down": {"uv": [16, 7, 15, 5.25], "texture": "#texture"}
			}
		},
		{
			"from": [4.5, 2, 19.75],
			"to": [4.75, 2.25, 21],
			"rotation": {"angle": 22.5, "axis": "x", "origin": [4.5, 2, 21]},
			"faces": {
				"north": {"uv": [16, 5.25, 15, 3], "rotation": 90, "texture": "#texture"},
				"east": {"uv": [15, 3, 16, 5.25], "rotation": 270, "texture": "#texture"},
				"south": {"uv": [15, 3, 16, 5.25], "rotation": 90, "texture": "#texture"},
				"west": {"uv": [15, 3, 16, 5.25], "rotation": 90, "texture": "#texture"},
				"up": {"uv": [15, 3, 16, 5.25], "rotation": 180, "texture": "#texture"},
				"down": {"uv": [16, 5.25, 15, 3], "rotation": 180, "texture": "#texture"}
			}
		},
		{
			"from": [5.5, 2, 19.75],
			"to": [5.75, 2.25, 21],
			"rotation": {"angle": 22.5, "axis": "x", "origin": [5.5, 2, 21]},
			"faces": {
				"north": {"uv": [16, 5.25, 15, 3], "rotation": 90, "texture": "#texture"},
				"east": {"uv": [15, 3, 16, 5.25], "rotation": 270, "texture": "#texture"},
				"south": {"uv": [15, 3, 16, 5.25], "rotation": 90, "texture": "#texture"},
				"west": {"uv": [15, 3, 16, 5.25], "rotation": 90, "texture": "#texture"},
				"up": {"uv": [15, 3, 16, 5.25], "rotation": 180, "texture": "#texture"},
				"down": {"uv": [16, 5.25, 15, 3], "rotation": 180, "texture": "#texture"}
			}
		},
		{
			"from": [6.5, 2, 19.75],
			"to": [6.75, 2.25, 21],
			"rotation": {"angle": 22.5, "axis": "x", "origin": [6.5, 2, 21]},
			"faces": {
				"north": {"uv": [16, 5.25, 15, 3], "rotation": 90, "texture": "#texture"},
				"east": {"uv": [15, 3, 16, 5.25], "rotation": 270, "texture": "#texture"},
				"south": {"uv": [15, 3, 16, 5.25], "rotation": 90, "texture": "#texture"},
				"west": {"uv": [15, 3, 16, 5.25], "rotation": 90, "texture": "#texture"},
				"up": {"uv": [15, 3, 16, 5.25], "rotation": 180, "texture": "#texture"},
				"down": {"uv": [16, 5.25, 15, 3], "rotation": 180, "texture": "#texture"}
			}
		},
		{
			"from": [6.25, 2.75, 18.5],
			"to": [7, 3.5, 20.25],
			"rotation": {"angle": 22.5, "axis": "x", "origin": [6.25, 2.75, 18.5]},
			"faces": {
				"north": {"uv": [16, 6, 15, 5.25], "rotation": 270, "texture": "#texture"},
				"east": {"uv": [15, 5.25, 16, 7], "rotation": 90, "texture": "#texture"},
				"south": {"uv": [15, 5.25, 16, 6], "rotation": 270, "texture": "#texture"},
				"west": {"uv": [15, 5.25, 16, 7], "rotation": 270, "texture": "#texture"},
				"up": {"uv": [15, 5.25, 16, 7], "texture": "#texture"},
				"down": {"uv": [16, 7, 15, 5.25], "texture": "#texture"}
			}
		},
		{
			"from": [5.25, 2.75, 18.5],
			"to": [6, 3.5, 20.25],
			"rotation": {"angle": 22.5, "axis": "x", "origin": [5.25, 2.75, 18.5]},
			"faces": {
				"north": {"uv": [16, 6, 15, 5.25], "rotation": 270, "texture": "#texture"},
				"east": {"uv": [15, 5.25, 16, 7], "rotation": 90, "texture": "#texture"},
				"south": {"uv": [15, 5.25, 16, 6], "rotation": 270, "texture": "#texture"},
				"west": {"uv": [15, 5.25, 16, 7], "rotation": 270, "texture": "#texture"},
				"up": {"uv": [15, 5.25, 16, 7], "texture": "#texture"},
				"down": {"uv": [16, 7, 15, 5.25], "texture": "#texture"}
			}
		},
		{
			"from": [4.75, 9.25, 13.25],
			"to": [6, 9.75, 17],
			"faces": {
				"north": {"uv": [10.5, 8.75, 10.25, 6.5], "rotation": 90, "texture": "#texture"},
				"east": {"uv": [11, 8.75, 10.25, 12.25], "rotation": 270, "texture": "#texture"},
				"south": {"uv": [10.5, 6.5, 10.75, 8.75], "rotation": 90, "texture": "#texture"},
				"west": {"uv": [10.25, 12.25, 11, 8.75], "rotation": 90, "texture": "#texture"},
				"up": {"uv": [14, 8.75, 10.25, 6.5], "rotation": 90, "texture": "#texture"},
				"down": {"uv": [13.75, 8.75, 16, 12.25], "texture": "#texture"}
			}
		},
		{
			"from": [4.75, 5, 13.25],
			"to": [6.5, 9.25, 17],
			"faces": {
				"north": {"uv": [13.75, 8.75, 16, 12.25], "texture": "#texture"},
				"east": {"uv": [0, 8.75, 2.75, 11.5], "texture": "#texture"},
				"south": {"uv": [13.75, 8.75, 16, 12.25], "texture": "#texture"},
				"west": {"uv": [10.5, 9, 13.5, 12], "texture": "#texture"},
				"up": {"uv": [10.25, 6.5, 14, 8.75], "rotation": 90, "texture": "#texture"},
				"down": {"uv": [10.25, 6.5, 14, 8.75], "rotation": 90, "texture": "#texture"}
			}
		},
		{
			"from": [5, 4, 14],
			"to": [6, 4.5, 15.25],
			"faces": {
				"north": {"uv": [14, 8.75, 12.75, 6.5], "rotation": 90, "texture": "#texture"},
				"east": {"uv": [16, 11.25, 13.75, 12.25], "texture": "#texture"},
				"south": {"uv": [14, 8.75, 12.75, 6.5], "rotation": 90, "texture": "#texture"},
				"west": {"uv": [13.75, 11.25, 16, 12.25], "texture": "#texture"},
				"up": {"uv": [13.75, 8.75, 16, 12.25], "texture": "#texture"},
				"down": {"uv": [16, 12.25, 13.75, 8.75], "texture": "#texture"}
			}
		},
		{
			"from": [4.75, 4.5, 13.25],
			"to": [6.25, 5, 17],
			"faces": {
				"north": {"uv": [10.5, 8.75, 10.25, 6.5], "rotation": 90, "texture": "#texture"},
				"east": {"uv": [0, 7.5, 2.75, 8.25], "texture": "#texture"},
				"south": {"uv": [10.5, 6.5, 10.75, 8.75], "rotation": 90, "texture": "#texture"},
				"west": {"uv": [11, 8.75, 10.25, 12.25], "rotation": 90, "texture": "#texture"},
				"up": {"uv": [16, 12.25, 13.75, 8.75], "texture": "#texture"},
				"down": {"uv": [13.75, 8.75, 16, 12.25], "texture": "#texture"}
			}
		},
		{
			"from": [4.75, 5, 12.75],
			"to": [6.5, 9.25, 13.25],
			"faces": {
				"north": {"uv": [13.75, 8.75, 16, 12.25], "texture": "#texture"},
				"east": {"uv": [11, 8.75, 10.25, 12.25], "texture": "#texture"},
				"south": {"uv": [13.75, 8.75, 16, 12.25], "texture": "#texture"},
				"west": {"uv": [10.25, 12.25, 11, 8.75], "texture": "#texture"},
				"up": {"uv": [14, 8.75, 13.25, 6.5], "rotation": 90, "texture": "#texture"},
				"down": {"uv": [10.25, 6.5, 14, 8.75], "rotation": 90, "texture": "#texture"}
			}
		},
		{
			"from": [7.875, 7.875, 27.25],
			"to": [8.125, 8.375, 28.5],
			"faces": {
				"north": {"uv": [2.75, 8.75, 0, 6.5], "rotation": 180, "texture": "#texture"},
				"east": {"uv": [7.25, 8.75, 2.75, 16], "rotation": 90, "texture": "#texture"},
				"south": {"uv": [7.25, 2, 10.25, 4.75], "texture": "#texture"},
				"west": {"uv": [2.75, 8.75, 7.25, 16], "rotation": 270, "texture": "#texture"},
				"up": {"uv": [7.25, 8.75, 10.25, 12.5], "texture": "#texture"},
				"down": {"uv": [0, 8.75, 2.75, 12.5], "texture": "#texture"}
			}
		},
		{
			"from": [7.9375, 8, 28.5],
			"to": [8.0625, 8.3125, 29],
			"faces": {
				"north": {"uv": [7.25, 2, 10.25, 4.75], "rotation": 270, "texture": "#texture"},
				"east": {"uv": [7.25, 2, 10.25, 4.75], "rotation": 270, "texture": "#texture"},
				"south": {"uv": [7.25, 2, 10.25, 4.75], "rotation": 270, "texture": "#texture"},
				"west": {"uv": [7.25, 2, 10.25, 4.75], "rotation": 270, "texture": "#texture"},
				"up": {"uv": [7.25, 2, 10.25, 4.75], "rotation": 270, "texture": "#texture"},
				"down": {"uv": [7.25, 2, 10.25, 4.75], "rotation": 270, "texture": "#texture"}
			}
		},
		{
			"from": [-2, 9.999, 7],
			"to": [6, 10, 16],
			"rotation": {"angle": -45, "axis": "z", "origin": [6, 10, 7]},
			"faces": {
				"up": {"uv": [9, 9.5, 0, 16], "rotation": 270, "texture": "#wings"},
				"down": {"uv": [0, 9.5, 9, 16], "rotation": 270, "texture": "#wings"}
			}
		},
		{
			"from": [0.3428, 15.6563, 7],
			"to": [0.3438, 28.6563, 16],
			"rotation": {"angle": 22.5, "axis": "z", "origin": [0.34375, 15.65625, 7]},
			"faces": {
				"east": {"uv": [9, 0, 0, 9.5], "texture": "#wings"},
				"west": {"uv": [9, 9.5, 0, 0], "rotation": 180, "texture": "#wings"}
			}
		},
		{
			"from": [6, 2, 7],
			"to": [6.001, 10, 16],
			"rotation": {"angle": -45, "axis": "z", "origin": [6, 10, 7]},
			"faces": {
				"east": {"uv": [0, 9.5, 9, 16], "rotation": 180, "texture": "#wings3"},
				"west": {"uv": [0, 16, 9, 9.5], "texture": "#wings3"}
			}
		},
		{
			"from": [0.3437, -8.6563, 7],
			"to": [0.3447, 4.3437, 16],
			"rotation": {"angle": -22.5, "axis": "z", "origin": [0.34375, 4.34375, 7]},
			"faces": {
				"east": {"uv": [0, 0, 9, 9.5], "rotation": 180, "texture": "#wings3"},
				"west": {"uv": [0, 9.5, 9, 0], "texture": "#wings3"}
			}
		},
		{
			"from": [-2, 9.999, 7],
			"to": [6, 10, 16],
			"faces": {
				"up": {"uv": [9, 9.5, 0, 16], "rotation": 270, "texture": "#wings2"},
				"down": {"uv": [0, 9.5, 9, 16], "rotation": 270, "texture": "#wings2"}
			}
		},
		{
			"from": [-15, 9.999, 7],
			"to": [-2, 10, 16],
			"rotation": {"angle": -22.5, "axis": "z", "origin": [-2, 10, 7]},
			"faces": {
				"up": {"uv": [9, 0, 0, 9.5], "rotation": 270, "texture": "#wings2"},
				"down": {"uv": [0, 0, 9, 9.5], "rotation": 270, "texture": "#wings2"}
			}
		},
		{
			"from": [10, 10, 7],
			"to": [18, 10.001, 16],
			"rotation": {"angle": 45, "axis": "z", "origin": [10, 10, 7]},
			"faces": {
				"up": {"uv": [0, 9.5, 9, 16], "rotation": 90, "texture": "#wings"},
				"down": {"uv": [9, 9.5, 0, 16], "rotation": 90, "texture": "#wings"}
			}
		},
		{
			"from": [15.6553, 15.6563, 7],
			"to": [15.6563, 28.6563, 16],
			"rotation": {"angle": -22.5, "axis": "z", "origin": [15.65625, 15.65625, 7]},
			"faces": {
				"east": {"uv": [9, 0, 0, 9.5], "texture": "#wings"},
				"west": {"uv": [9, 9.5, 0, 0], "rotation": 180, "texture": "#wings"}
			}
		},
		{
			"from": [10, 10, 7],
			"to": [18, 10.001, 16],
			"faces": {
				"up": {"uv": [0, 9.5, 9, 16], "rotation": 90, "texture": "#wings2"},
				"down": {"uv": [9, 9.5, 0, 16], "rotation": 90, "texture": "#wings2"}
			}
		},
		{
			"from": [18, 10, 7],
			"to": [31, 10.001, 16],
			"rotation": {"angle": 22.5, "axis": "z", "origin": [18, 10, 7]},
			"faces": {
				"up": {"uv": [0, 0, 9, 9.5], "rotation": 90, "texture": "#wings2"},
				"down": {"uv": [9, 0, 0, 9.5], "rotation": 90, "texture": "#wings2"}
			}
		},
		{
			"from": [10, 10, 7],
			"to": [18, 10.001, 16],
			"rotation": {"angle": -45, "axis": "z", "origin": [10, 10, 7]},
			"faces": {
				"up": {"uv": [0, 9.5, 9, 16], "rotation": 90, "texture": "#wings3"},
				"down": {"uv": [9, 9.5, 0, 16], "rotation": 90, "texture": "#wings3"}
			}
		},
		{
			"from": [15.6563, -8.6562, 7],
			"to": [15.6573, 4.3438, 16],
			"rotation": {"angle": 22.5, "axis": "z", "origin": [15.65625, 4.34375, 7]},
			"faces": {
				"east": {"uv": [0, 0, 9, 9.5], "rotation": 180, "texture": "#wings3"},
				"west": {"uv": [0, 9.5, 9, 0], "texture": "#wings3"}
			}
		},
		{
			"from": [8.625, 14.375, 5.75],
			"to": [8.875, 14.625, 8.25],
			"rotation": {"angle": -22.5, "axis": "x", "origin": [8.625, 14.375, 5.75]},
			"faces": {
				"north": {"uv": [16, 3, 15.75, 2.75], "texture": "#texture"},
				"east": {"uv": [16, 5.25, 15, 3], "rotation": 90, "texture": "#texture"},
				"south": {"uv": [15.75, 0, 16, 0.25], "texture": "#texture"},
				"west": {"uv": [16, 5.25, 15, 3], "rotation": 270, "texture": "#texture"},
				"up": {"uv": [16, 5.25, 15, 3], "texture": "#texture"},
				"down": {"uv": [16, 5.25, 15, 3], "rotation": 180, "texture": "#texture"}
			}
		},
		{
			"from": [8.5, 13, 2.75],
			"to": [9, 13.5, 6.25],
			"rotation": {"angle": -22.5, "axis": "x", "origin": [8.5, 13, 2.75]},
			"faces": {
				"north": {"uv": [16, 3, 15.75, 2.75], "texture": "#texture"},
				"east": {"uv": [15.5, 0, 15.75, 3], "rotation": 270, "texture": "#texture"},
				"south": {"uv": [15.75, 0, 16, 0.25], "texture": "#texture"},
				"west": {"uv": [15.5, 0, 15.75, 3], "rotation": 90, "texture": "#texture"},
				"up": {"uv": [16, 3, 15.75, 0], "texture": "#texture"},
				"down": {"uv": [15.5, 0, 15.75, 3], "texture": "#texture"}
			}
		},
		{
			"from": [7.125, 14.375, 5.75],
			"to": [7.375, 14.625, 8.25],
			"rotation": {"angle": -22.5, "axis": "x", "origin": [7.125, 14.375, 5.75]},
			"faces": {
				"north": {"uv": [16, 3, 15.75, 2.75], "texture": "#texture"},
				"east": {"uv": [16, 5.25, 15, 3], "rotation": 90, "texture": "#texture"},
				"south": {"uv": [15.75, 0, 16, 0.25], "texture": "#texture"},
				"west": {"uv": [16, 5.25, 15, 3], "rotation": 270, "texture": "#texture"},
				"up": {"uv": [16, 5.25, 15, 3], "texture": "#texture"},
				"down": {"uv": [16, 5.25, 15, 3], "rotation": 180, "texture": "#texture"}
			}
		},
		{
			"from": [7, 13, 2.75],
			"to": [7.5, 13.5, 6.25],
			"rotation": {"angle": -22.5, "axis": "x", "origin": [7, 13, 2.75]},
			"faces": {
				"north": {"uv": [16, 3, 15.75, 2.75], "texture": "#texture"},
				"east": {"uv": [15.5, 0, 15.75, 3], "rotation": 270, "texture": "#texture"},
				"south": {"uv": [15.75, 0, 16, 0.25], "texture": "#texture"},
				"west": {"uv": [15.5, 0, 15.75, 3], "rotation": 90, "texture": "#texture"},
				"up": {"uv": [16, 3, 15.75, 0], "texture": "#texture"},
				"down": {"uv": [15.5, 0, 15.75, 3], "texture": "#texture"}
			}
		},
		{
			"from": [9.5, 9.75, 5.5],
			"to": [9.501, 13.75, 8],
			"rotation": {"angle": 45, "axis": "y", "origin": [9.5, 9.75, 5.5]},
			"faces": {
				"east": {"uv": [10.25, 6.25, 14, 4.25], "rotation": 90, "texture": "#texture"},
				"west": {"uv": [10.25, 4.25, 14, 6.25], "rotation": 90, "texture": "#texture"}
			}
		},
		{
			"from": [9.5, 9.25, 5.75],
			"to": [9.501, 15, 10.5],
			"rotation": {"angle": 22.5, "axis": "y", "origin": [9.5, 9.25, 5.75]},
			"faces": {
				"east": {"uv": [10.25, 16, 16, 12.25], "rotation": 90, "texture": "#texture"},
				"west": {"uv": [10.25, 12.25, 16, 16], "rotation": 90, "texture": "#texture"}
			}
		},
		{
			"from": [6.25, 8.125, 27.5],
			"to": [9.75, 8.126, 32],
			"faces": {
				"up": {"uv": [10.25, 12.25, 16, 16], "rotation": 180, "texture": "#texture"},
				"down": {"uv": [10.25, 16, 16, 12.25], "rotation": 180, "texture": "#texture"}
			}
		},
		{
			"from": [6.5, 9.25, 5.75],
			"to": [6.501, 15, 10.5],
			"rotation": {"angle": -22.5, "axis": "y", "origin": [6.5, 9.25, 5.75]},
			"faces": {
				"east": {"uv": [10.25, 16, 16, 12.25], "rotation": 90, "texture": "#texture"},
				"west": {"uv": [10.25, 12.25, 16, 16], "rotation": 90, "texture": "#texture"}
			}
		},
		{
			"from": [6.5, 9.75, 5.5],
			"to": [6.501, 13.75, 8],
			"rotation": {"angle": -45, "axis": "y", "origin": [6.5, 9.75, 5.5]},
			"faces": {
				"east": {"uv": [10.25, 6.25, 14, 4.25], "rotation": 90, "texture": "#texture"},
				"west": {"uv": [10.25, 4.25, 14, 6.25], "rotation": 90, "texture": "#texture"}
			}
		},
		{
			"from": [5, 13.25, 5.75],
			"to": [11, 13.251, 10.5],
			"rotation": {"angle": -22.5, "axis": "x", "origin": [5, 13.25, 5.75]},
			"faces": {
				"up": {"uv": [10.25, 12.25, 16, 16], "rotation": 180, "texture": "#texture"},
				"down": {"uv": [10.25, 16, 16, 12.25], "rotation": 180, "texture": "#texture"}
			}
		},
		{
			"from": [6.25, 13.5, 5],
			"to": [9.75, 13.501, 8.25],
			"rotation": {"angle": -22.5, "axis": "x", "origin": [6.25, 13.5, 5]},
			"faces": {
				"up": {"uv": [10.25, 4.25, 14, 6.25], "rotation": 180, "texture": "#texture"},
				"down": {"uv": [10.25, 6.25, 14, 4.25], "rotation": 180, "texture": "#texture"}
			}
		},
		{
			"from": [7, 11.75, 0],
			"to": [9, 13.25, 0.25],
			"faces": {
				"north": {"uv": [0.25, 2, 2.5, 4.25], "texture": "#texture"},
				"east": {"uv": [0, 2, 0.25, 4.25], "texture": "#texture"},
				"south": {"uv": [7.5, 2, 10, 6.5], "texture": "#texture"},
				"west": {"uv": [2.5, 2, 2.75, 4.25], "texture": "#texture"},
				"up": {"uv": [0, 0, 0.25, 2], "rotation": 90, "texture": "#texture"},
				"down": {"uv": [0, 2, 0.25, 4], "rotation": 90, "texture": "#texture"}
			}
		},
		{
			"from": [8, 13, -0.25],
			"to": [8.001, 14.25, 1.5],
			"faces": {
				"east": {"uv": [9, 0.5, 7.25, 2], "texture": "#texture"},
				"west": {"uv": [7.25, 0.5, 9, 2], "texture": "#texture"}
			}
		},
		{
			"from": [11, 10.5, -0.75],
			"to": [11.001, 12.25, 2.25],
			"rotation": {"angle": 45, "axis": "y", "origin": [11, 10.5, 2.25]},
			"faces": {
				"east": {"uv": [14.5, 0.5, 10.25, 4], "texture": "#texture"},
				"west": {"uv": [10.25, 0.5, 14.5, 4], "texture": "#texture"}
			}
		},
		{
			"from": [5, 10.5, 2.25],
			"to": [8, 12.25, 2.251],
			"rotation": {"angle": 45, "axis": "y", "origin": [5, 10.5, 2.25]},
			"faces": {
				"north": {"uv": [10.25, 0.5, 14.5, 4], "texture": "#texture"},
				"south": {"uv": [14.5, 0.5, 10.25, 4], "texture": "#texture"}
			}
		}
	],
	"display": {
		"thirdperson_righthand": {
			"translation": [-6, -40.75, 6],
			"scale": [7, 7, 7]
		},
		"thirdperson_lefthand": {
			"translation": [-6, 5, 6],
			"scale": [2, 2, 2]
		},
		"firstperson_righthand": {
			"scale": [2, 2, 2]
		},
		"firstperson_lefthand": {
			"scale": [2, 2, 2]
		},
		"ground": {
			"translation": [0, 9, 0]
		},
		"gui": {
			"rotation": [8, 133, 0],
			"translation": [-1.4, -0.65, 0],
			"scale": [0.2, 0.2, 0.2]
		},
		"head": {
			"translation": [0, -49.25, -11.25],
			"scale": [4, 4, 4]
		}
	}
}