{
	"credit": "designed by DuAnti,made with Blockbench",
	"texture_size": [64, 64],
	"textures": {
		"0": "item/carrot_on_a_stick/elephant"
	},
	"elements": [
		{
			"name": "head",
			"from": [4, 6, 0],
			"to": [12, 14, 8],
			"rotation": {"angle": 0, "axis": "y", "origin": [12, 14, 8]},
			"faces": {
				"north": {"uv": [2, 2, 4, 4], "texture": "#0"},
				"east": {"uv": [0, 2, 2, 4], "texture": "#0"},
				"south": {"uv": [6, 2, 8, 4], "texture": "#0"},
				"west": {"uv": [4, 2, 6, 4], "texture": "#0"},
				"up": {"uv": [4, 2, 2, 0], "texture": "#0"},
				"down": {"uv": [6, 0, 4, 2], "texture": "#0"}
			}
		},
		{
			"name": "ear",
			"from": [-2, 7.5, 4.5],
			"to": [6, 15.5, 4.505],
			"rotation": {"angle": 22.5, "axis": "y", "origin": [2, 11.5, 5]},
			"faces": {
				"north": {"uv": [8, 4, 10, 6], "texture": "#0"},
				"south": {"uv": [10, 4, 8, 6], "texture": "#0"}
			}
		},
		{
			"name": "ear",
			"from": [10, 7.5, 4.5],
			"to": [18, 15.5, 4.505],
			"shade": false,
			"rotation": {"angle": -22.5, "axis": "y", "origin": [14, 11.5, 5]},
			"faces": {
				"north": {"uv": [10, 4, 8, 6], "texture": "#0"},
				"south": {"uv": [8, 4, 10, 6], "texture": "#0"}
			}
		},
		{
			"name": "nose",
			"from": [6.7, 5, -0.6],
			"to": [9.3, 9.6, 1],
			"rotation": {"angle": 22.5, "axis": "x", "origin": [8, 8.3, 0.2]},
			"faces": {
				"north": {"uv": [10.75, 2, 11.25, 3], "texture": "#0"},
				"east": {"uv": [10.5, 2, 10.75, 3], "texture": "#0"},
				"south": {"uv": [11.5, 2, 12, 3], "texture": "#0"},
				"west": {"uv": [11.25, 2, 11.5, 3], "texture": "#0"},
				"up": {"uv": [11.25, 2, 10.75, 1.75], "texture": "#0"},
				"down": {"uv": [11.75, 1.75, 11.25, 2], "texture": "#0"}
			}
		},
		{
			"name": "nose",
			"from": [7.2, 2, -1.7],
			"to": [8.8, 5.6, -0.1],
			"rotation": {"angle": 0, "axis": "x", "origin": [7.5, 5.3, -0.9]},
			"faces": {
				"north": {"uv": [10.75, 2, 11, 2.75], "texture": "#0"},
				"east": {"uv": [10.5, 2, 10.75, 2.75], "texture": "#0"},
				"south": {"uv": [11.25, 2, 11.5, 2.75], "texture": "#0"},
				"west": {"uv": [11, 2, 11.25, 2.75], "texture": "#0"},
				"up": {"uv": [11, 2, 10.75, 1.75], "texture": "#0"},
				"down": {"uv": [11.25, 1.75, 11, 2], "texture": "#0"}
			}
		},
		{
			"name": "nose",
			"from": [5.7, 5.3, -0.2],
			"to": [10.3, 9.9, -0.2],
			"rotation": {"angle": 0, "axis": "x", "origin": [8, 8.6, 0.6]},
			"faces": {
				"north": {"uv": [10.5, 3, 11.5, 4], "texture": "#0"}
			}
		},
		{
			"name": "body",
			"from": [4.5, 3, 6],
			"to": [11.5, 10, 14],
			"rotation": {"angle": 0, "axis": "y", "origin": [10.5, 17, 14]},
			"faces": {
				"north": {"uv": [2, 6, 3.75, 7.75], "texture": "#0"},
				"east": {"uv": [0, 6, 2, 7.75], "texture": "#0"},
				"south": {"uv": [5.75, 6, 7.5, 7.75], "texture": "#0"},
				"west": {"uv": [3.75, 6, 5.75, 7.75], "texture": "#0"},
				"up": {"uv": [3.75, 6, 2, 4], "texture": "#0"},
				"down": {"uv": [5.5, 4, 3.75, 6], "texture": "#0"}
			}
		},
		{
			"name": "tail",
			"from": [7.5, 3.5, 13],
			"to": [8.5, 9.5, 14],
			"rotation": {"angle": -22.5, "axis": "x", "origin": [9, 9.5, 13]},
			"faces": {
				"north": {"uv": [6.5, 4.25, 6.75, 5.75], "texture": "#0"},
				"east": {"uv": [6.25, 4.25, 6.5, 5.75], "texture": "#0"},
				"south": {"uv": [7, 4.25, 7.25, 5.75], "texture": "#0"},
				"west": {"uv": [6.75, 4.25, 7, 5.75], "texture": "#0"},
				"up": {"uv": [6.75, 4.25, 6.5, 4], "texture": "#0"},
				"down": {"uv": [7, 4, 6.75, 4.25], "texture": "#0"}
			}
		},
		{
			"name": "tail",
			"from": [7.4, 3.4, 12.9],
			"to": [8.6, 4.6, 14.1],
			"rotation": {"angle": -22.5, "axis": "x", "origin": [9, 9.5, 13]},
			"faces": {
				"north": {"uv": [6.5, 5.5, 6.75, 5.75], "texture": "#0"},
				"east": {"uv": [6.25, 5.5, 6.5, 5.75], "texture": "#0"},
				"south": {"uv": [7, 5.5, 7.25, 5.75], "texture": "#0"},
				"west": {"uv": [6.75, 5.5, 7, 5.75], "texture": "#0"},
				"up": {"uv": [7, 4.25, 6.75, 4], "texture": "#0"},
				"down": {"uv": [7, 4, 6.75, 4.25], "texture": "#0"}
			}
		},
		{
			"name": "foot",
			"from": [4.2, 0, 12.5],
			"to": [6.2, 6, 14.5],
			"rotation": {"angle": 0, "axis": "y", "origin": [13.2, 8, 20.5]},
			"faces": {
				"north": {"uv": [0.5, 4.5, 1, 6], "texture": "#0"},
				"east": {"uv": [0, 4.5, 0.5, 6], "texture": "#0"},
				"south": {"uv": [1.5, 4.5, 2, 6], "texture": "#0"},
				"west": {"uv": [1, 4.5, 1.5, 6], "texture": "#0"},
				"up": {"uv": [1, 4.5, 0.5, 4], "texture": "#0"},
				"down": {"uv": [1.5, 4, 1, 4.5], "texture": "#0"}
			}
		},
		{
			"name": "foot",
			"from": [4.2, 0, 5.5],
			"to": [6.2, 6, 7.5],
			"rotation": {"angle": 0, "axis": "y", "origin": [13.2, 8, 13.5]},
			"faces": {
				"north": {"uv": [0.5, 4.5, 1, 6], "texture": "#0"},
				"east": {"uv": [0, 4.5, 0.5, 6], "texture": "#0"},
				"south": {"uv": [1.5, 4.5, 2, 6], "texture": "#0"},
				"west": {"uv": [1, 4.5, 1.5, 6], "texture": "#0"},
				"up": {"uv": [1, 4.5, 0.5, 4], "texture": "#0"},
				"down": {"uv": [1.5, 4, 1, 4.5], "texture": "#0"}
			}
		},
		{
			"name": "foot",
			"from": [9.7, 0, 12.5],
			"to": [11.7, 6, 14.5],
			"rotation": {"angle": 0, "axis": "y", "origin": [18.7, 8, 20.5]},
			"faces": {
				"north": {"uv": [0.5, 4.5, 1, 6], "texture": "#0"},
				"east": {"uv": [0, 4.5, 0.5, 6], "texture": "#0"},
				"south": {"uv": [1.5, 4.5, 2, 6], "texture": "#0"},
				"west": {"uv": [1, 4.5, 1.5, 6], "texture": "#0"},
				"up": {"uv": [1, 4.5, 0.5, 4], "texture": "#0"},
				"down": {"uv": [1.5, 4, 1, 4.5], "texture": "#0"}
			}
		},
		{
			"name": "foot",
			"from": [9.7, 0, 5.5],
			"to": [11.7, 6, 7.5],
			"rotation": {"angle": 0, "axis": "y", "origin": [18.7, 8, 13.5]},
			"faces": {
				"north": {"uv": [0.5, 4.5, 1, 6], "texture": "#0"},
				"east": {"uv": [0, 4.5, 0.5, 6], "texture": "#0"},
				"south": {"uv": [1.5, 4.5, 2, 6], "texture": "#0"},
				"west": {"uv": [1, 4.5, 1.5, 6], "texture": "#0"},
				"up": {"uv": [1, 4.5, 0.5, 4], "texture": "#0"},
				"down": {"uv": [1.5, 4, 1, 4.5], "texture": "#0"}
			}
		}
	],
	"display": {
		"thirdperson_righthand": {
			"translation": [6, -12, 10],
			"scale": [1.5, 1.5, 1.5]
		},
		"thirdperson_lefthand": {
			"translation": [-6, -12, 10],
			"scale": [1.5, 1.5, 1.5]
		},
		"ground": {
			"translation": [0, 15, 0],
			"scale": [3, 3, 3]
		},
		"gui": {
			"translation": [0, 0, 0],
			"scale": [1, 1, 1]
		},
		"fixed": {
			"rotation": [0, -180, 0],
			"translation": [0, 0, 0],
			"scale": [1.6, 1.6, 0.25]
		}
	},
	"groups": [
		{
			"name": "head",
			"origin": [12, 14, 8],
			"children": [0, 1, 2, 3, 4, 5]
		}, 6, 7, 8, 9, 10, 11, 12]
}