{
	"credit": "designed by duanti, made with Blockbench",
	"textures": {
		"0": "item/carrot_on_a_stick/elephant2"
	},
	"elements": [
		{
			"from": [
				12.12439,
				0,
				3.61784
			],
			"to": [
				15.21768,
				10.82652,
				6.71113
			],
			"faces": {
				"north": {
					"uv": [
						0,
						5.25,
						2.75,
						8
					],
					"texture": "#0"
				},
				"east": {
					"uv": [
						1,
						5,
						2.5,
						7.25
					],
					"texture": "#0"
				},
				"south": {
					"uv": [
						0.25,
						5,
						2.5,
						7.5
					],
					"texture": "#0"
				},
				"west": {
					"uv": [
						1.75,
						5,
						4,
						7.5
					],
					"texture": "#0"
				},
				"up": {
					"uv": [
						0,
						0,
						3,
						3
					],
					"texture": "#0"
				},
				"down": {
					"uv": [
						4,
						0,
						6,
						2
					],
					"texture": "#0"
				}
			}
		},
		{
			"from": [
				3.10229,
				10.82652,
				3.61784
			],
			"to": [
				15.21768,
				21.91082,
				21.91982
			],
			"faces": {
				"north": {
					"uv": [
						0.25,
						5.5,
						3.25,
						7.25
					],
					"texture": "#0"
				},
				"east": {
					"uv": [
						0.5,
						5.25,
						3.5,
						7.25
					],
					"texture": "#0"
				},
				"south": {
					"uv": [
						0,
						5.25,
						4,
						7
					],
					"texture": "#0"
				},
				"west": {
					"uv": [
						0.75,
						5.5,
						3.75,
						7
					],
					"texture": "#0"
				},
				"up": {
					"uv": [
						8,
						5.25,
						10,
						8
					],
					"texture": "#0"
				},
				"down": {
					"uv": [
						4,
						5,
						8,
						8
					],
					"texture": "#0"
				}
			}
		},
		{
			"from": [
				5.16448,
				15.72424,
				-3.59985
			],
			"to": [
				12.63994,
				24.48857,
				4.13338
			],
			"faces": {
				"north": {
					"uv": [
						2,
						2,
						4,
						4
					],
					"texture": "#0"
				},
				"east": {
					"uv": [
						0,
						2,
						2,
						4
					],
					"texture": "#0"
				},
				"south": {
					"uv": [
						6,
						2,
						8,
						4
					],
					"texture": "#0"
				},
				"west": {
					"uv": [
						4.25,
						2,
						6,
						4
					],
					"texture": "#0"
				},
				"up": {
					"uv": [
						2,
						0,
						4,
						2
					],
					"texture": "#0"
				},
				"down": {
					"uv": [
						2,
						0,
						4,
						2
					],
					"texture": "#0"
				}
			}
		},
		{
			"from": [
				1.21855,
				15.80355,
				-0.50656
			],
			"to": [
				7.22668,
				24.31011,
				0.52454
			],
			"rotation": {
				"angle": 22.5,
				"axis": "y",
				"origin": [
					5.42226,
					20.62195,
					0.78232
				]
			},
			"faces": {
				"north": {
					"uv": [
						4,
						0,
						5.75,
						2
					],
					"texture": "#0"
				},
				"east": {
					"uv": [
						4,
						0,
						5.75,
						2
					],
					"texture": "#0"
				},
				"south": {
					"uv": [
						4,
						0,
						5.75,
						2
					],
					"texture": "#0"
				},
				"west": {
					"uv": [
						4,
						0,
						5.75,
						2
					],
					"texture": "#0"
				},
				"up": {
					"uv": [
						4,
						0,
						5.75,
						2
					],
					"texture": "#0"
				},
				"down": {
					"uv": [
						4,
						0,
						5.75,
						2
					],
					"texture": "#0"
				}
			}
		},
		{
			"from": [
				10.83552,
				15.80355,
				-0.49878
			],
			"to": [
				16.84364,
				24.31011,
				0.53232
			],
			"rotation": {
				"angle": -22.5,
				"axis": "y",
				"origin": [
					12.63994,
					20.62195,
					0.78232
				]
			},
			"faces": {
				"north": {
					"uv": [
						4,
						0,
						5.75,
						2
					],
					"texture": "#0"
				},
				"east": {
					"uv": [
						4,
						0,
						5.75,
						2
					],
					"texture": "#0"
				},
				"south": {
					"uv": [
						4,
						0,
						5.75,
						2
					],
					"texture": "#0"
				},
				"west": {
					"uv": [
						4,
						0,
						5.75,
						2
					],
					"texture": "#0"
				},
				"up": {
					"uv": [
						4,
						0,
						5.75,
						2
					],
					"texture": "#0"
				},
				"down": {
					"uv": [
						4,
						0,
						5.75,
						2
					],
					"texture": "#0"
				}
			}
		},
		{
			"from": [
				6.1157,
				16.23979,
				-6.43537
			],
			"to": [
				11.68872,
				22.42637,
				-3.85762
			],
			"rotation": {
				"angle": 45,
				"axis": "x",
				"origin": [
					9.0311,
					17.52866,
					-7.98201
				]
			},
			"faces": {
				"north": {
					"uv": [
						4.5,
						0,
						5.5,
						2
					],
					"rotation": 180,
					"texture": "#0"
				},
				"east": {
					"uv": [
						4.5,
						0,
						5.5,
						2
					],
					"rotation": 180,
					"texture": "#0"
				},
				"south": {
					"uv": [
						4.5,
						0,
						5.5,
						2
					],
					"rotation": 180,
					"texture": "#0"
				},
				"west": {
					"uv": [
						4.5,
						0,
						5.5,
						2
					],
					"rotation": 180,
					"texture": "#0"
				},
				"up": {
					"uv": [
						4.5,
						0,
						5.5,
						2
					],
					"rotation": 180,
					"texture": "#0"
				},
				"down": {
					"uv": [
						4.5,
						0,
						5.5,
						2
					],
					"rotation": 180,
					"texture": "#0"
				}
			}
		},
		{
			"from": [
				7.48445,
				9.0221,
				-6.95092
			],
			"to": [
				10.31997,
				15.91436,
				-4.37317
			],
			"rotation": {
				"angle": 22.5,
				"axis": "x",
				"origin": [
					9.0311,
					17.52866,
					-7.98201
				]
			},
			"faces": {
				"north": {
					"uv": [
						4.5,
						0,
						5.5,
						2
					],
					"rotation": 180,
					"texture": "#0"
				},
				"east": {
					"uv": [
						4.5,
						0,
						5.5,
						2
					],
					"rotation": 180,
					"texture": "#0"
				},
				"south": {
					"uv": [
						4.5,
						0,
						5.5,
						2
					],
					"rotation": 180,
					"texture": "#0"
				},
				"west": {
					"uv": [
						4.5,
						0,
						5.5,
						2
					],
					"rotation": 180,
					"texture": "#0"
				},
				"up": {
					"uv": [
						4.5,
						0,
						5.5,
						2
					],
					"rotation": 180,
					"texture": "#0"
				},
				"down": {
					"uv": [
						4.5,
						0,
						5.5,
						2
					],
					"rotation": 180,
					"texture": "#0"
				}
			}
		},
		{
			"from": [
				7.74223,
				4.89771,
				-6.95092
			],
			"to": [
				10.0622,
				9.27988,
				-4.37317
			],
			"rotation": {
				"angle": 22.5,
				"axis": "x",
				"origin": [
					9.0311,
					17.52866,
					-7.98201
				]
			},
			"faces": {
				"north": {
					"uv": [
						4.25,
						0,
						5.5,
						2
					],
					"rotation": 180,
					"texture": "#0"
				},
				"east": {
					"uv": [
						4.25,
						0,
						5.5,
						2
					],
					"rotation": 180,
					"texture": "#0"
				},
				"south": {
					"uv": [
						4.25,
						0,
						5.5,
						2
					],
					"rotation": 180,
					"texture": "#0"
				},
				"west": {
					"uv": [
						4.25,
						0,
						5.5,
						2
					],
					"rotation": 180,
					"texture": "#0"
				},
				"up": {
					"uv": [
						4.25,
						0,
						5.5,
						2
					],
					"rotation": 180,
					"texture": "#0"
				},
				"down": {
					"uv": [
						4.25,
						0,
						5.5,
						2
					],
					"rotation": 180,
					"texture": "#0"
				}
			}
		},
		{
			"from": [
				10.55329,
				14.31756,
				-10.49759
			],
			"to": [
				11.58439,
				15.34866,
				-5.3421
			],
			"faces": {
				"north": {
					"uv": [
						6.25,
						0.25,
						9,
						1.25
					],
					"texture": "#0"
				},
				"east": {
					"uv": [
						6.25,
						0.25,
						9,
						1.25
					],
					"texture": "#0"
				},
				"south": {
					"uv": [
						6.25,
						0.25,
						9,
						1.25
					],
					"texture": "#0"
				},
				"west": {
					"uv": [
						6.25,
						0.25,
						9,
						1.25
					],
					"texture": "#0"
				},
				"up": {
					"uv": [
						6.25,
						0.25,
						9,
						1.25
					],
					"texture": "#0"
				},
				"down": {
					"uv": [
						6.25,
						0.25,
						9,
						1.25
					],
					"texture": "#0"
				}
			}
		},
		{
			"from": [
				10.81107,
				13.80201,
				-13.72191
			],
			"to": [
				11.32662,
				14.83311,
				-10.49759
			],
			"rotation": {
				"angle": 22.5,
				"axis": "x",
				"origin": [
					11.06884,
					13.54424,
					-9.46649
				]
			},
			"faces": {
				"north": {
					"uv": [
						6.25,
						0.25,
						9,
						1.25
					],
					"texture": "#0"
				},
				"east": {
					"uv": [
						6.25,
						0.25,
						9,
						1.25
					],
					"texture": "#0"
				},
				"south": {
					"uv": [
						6.25,
						0.25,
						9,
						1.25
					],
					"texture": "#0"
				},
				"west": {
					"uv": [
						6.25,
						0.25,
						9,
						1.25
					],
					"texture": "#0"
				},
				"up": {
					"uv": [
						6.25,
						0.25,
						9,
						1.25
					],
					"texture": "#0"
				},
				"down": {
					"uv": [
						6.25,
						0.25,
						9,
						1.25
					],
					"texture": "#0"
				}
			}
		},
		{
			"from": [
				11.06884,
				13.80201,
				-14.9824
			],
			"to": [
				11.06884,
				14.83311,
				-13.33311
			],
			"rotation": {
				"angle": 22.5,
				"axis": "x",
				"origin": [
					11.06884,
					13.54424,
					-9.46649
				]
			},
			"faces": {
				"north": {
					"uv": [
						0,
						0,
						1.5,
						1
					],
					"texture": "#0"
				},
				"east": {
					"uv": [
						0,
						0,
						1.5,
						1
					],
					"texture": "#0"
				},
				"south": {
					"uv": [
						0,
						0,
						1.5,
						1
					],
					"texture": "#0"
				},
				"west": {
					"uv": [
						0,
						0,
						1.5,
						1
					],
					"texture": "#0"
				},
				"up": {
					"uv": [
						0,
						0,
						1.5,
						1
					],
					"texture": "#0"
				},
				"down": {
					"uv": [
						0,
						0,
						1.5,
						1
					],
					"texture": "#0"
				}
			}
		},
		{
			"from": [
				8.51555,
				8.24878,
				22.17759
			],
			"to": [
				9.54665,
				20.87973,
				22.95092
			],
			"rotation": {
				"angle": -22.5,
				"axis": "x",
				"origin": [
					9.0311,
					18.04421,
					21.91982
				]
			},
			"faces": {
				"north": {
					"uv": [
						11,
						4,
						12,
						7
					],
					"rotation": 180,
					"texture": "#0"
				},
				"east": {
					"uv": [
						11,
						4,
						12,
						7
					],
					"rotation": 180,
					"texture": "#0"
				},
				"south": {
					"uv": [
						11,
						4,
						12,
						7
					],
					"rotation": 180,
					"texture": "#0"
				},
				"west": {
					"uv": [
						11,
						4,
						12,
						7
					],
					"rotation": 180,
					"texture": "#0"
				},
				"up": {
					"uv": [
						11,
						4,
						12,
						7
					],
					"rotation": 180,
					"texture": "#0"
				},
				"down": {
					"uv": [
						11,
						4,
						12,
						7
					],
					"rotation": 180,
					"texture": "#0"
				}
			}
		},
		{
			"from": [
				8.25777,
				7.73323,
				21.91982
			],
			"to": [
				9.80442,
				9.27988,
				23.20869
			],
			"rotation": {
				"angle": -22.5,
				"axis": "x",
				"origin": [
					9.0311,
					18.04421,
					21.91982
				]
			},
			"faces": {
				"north": {
					"uv": [
						4.25,
						0,
						5.75,
						1.5
					],
					"rotation": 180,
					"texture": "#0"
				},
				"east": {
					"uv": [
						4.25,
						0,
						5.75,
						1.5
					],
					"rotation": 180,
					"texture": "#0"
				},
				"south": {
					"uv": [
						4.25,
						0,
						5.75,
						1.5
					],
					"rotation": 180,
					"texture": "#0"
				},
				"west": {
					"uv": [
						4.25,
						0,
						5.75,
						1.5
					],
					"rotation": 180,
					"texture": "#0"
				},
				"up": {
					"uv": [
						4.25,
						0,
						5.75,
						1.5
					],
					"rotation": 180,
					"texture": "#0"
				},
				"down": {
					"uv": [
						4.25,
						0,
						5.75,
						1.5
					],
					"rotation": 180,
					"texture": "#0"
				}
			}
		},
		{
			"from": [
				3.12439,
				0,
				3.61784
			],
			"to": [
				6.21768,
				10.82652,
				6.71113
			],
			"faces": {
				"north": {
					"uv": [
						0,
						5.25,
						2.75,
						8
					],
					"texture": "#0"
				},
				"east": {
					"uv": [
						1,
						5,
						2.5,
						7.25
					],
					"texture": "#0"
				},
				"south": {
					"uv": [
						0.25,
						5,
						2.5,
						7.5
					],
					"texture": "#0"
				},
				"west": {
					"uv": [
						1.75,
						5,
						4,
						7.5
					],
					"texture": "#0"
				},
				"up": {
					"uv": [
						0,
						0,
						3,
						3
					],
					"texture": "#0"
				},
				"down": {
					"uv": [
						4,
						0,
						6,
						2
					],
					"texture": "#0"
				}
			}
		},
		{
			"from": [
				3.12439,
				0,
				18.61784
			],
			"to": [
				6.21768,
				10.82652,
				21.71113
			],
			"faces": {
				"north": {
					"uv": [
						0,
						5.25,
						2.75,
						8
					],
					"texture": "#0"
				},
				"east": {
					"uv": [
						1,
						5,
						2.5,
						7.25
					],
					"texture": "#0"
				},
				"south": {
					"uv": [
						0.25,
						5,
						2.5,
						7.5
					],
					"texture": "#0"
				},
				"west": {
					"uv": [
						1.75,
						5,
						4,
						7.5
					],
					"texture": "#0"
				},
				"up": {
					"uv": [
						0,
						0,
						3,
						3
					],
					"texture": "#0"
				},
				"down": {
					"uv": [
						4,
						0,
						6,
						2
					],
					"texture": "#0"
				}
			}
		},
		{
			"from": [
				12.12439,
				0,
				18.61784
			],
			"to": [
				15.21768,
				10.82652,
				21.71113
			],
			"faces": {
				"north": {
					"uv": [
						0,
						5.25,
						2.75,
						8
					],
					"texture": "#0"
				},
				"east": {
					"uv": [
						1,
						5,
						2.5,
						7.25
					],
					"texture": "#0"
				},
				"south": {
					"uv": [
						0.25,
						5,
						2.5,
						7.5
					],
					"texture": "#0"
				},
				"west": {
					"uv": [
						1.75,
						5,
						4,
						7.5
					],
					"texture": "#0"
				},
				"up": {
					"uv": [
						0,
						0,
						3,
						3
					],
					"texture": "#0"
				},
				"down": {
					"uv": [
						4,
						0,
						6,
						2
					],
					"texture": "#0"
				}
			}
		},
		{
			"from": [
				6.30329,
				14.31756,
				-10.49759
			],
			"to": [
				7.33439,
				15.34866,
				-5.3421
			],
			"faces": {
				"north": {
					"uv": [
						6.25,
						0.25,
						9,
						1.25
					],
					"texture": "#0"
				},
				"east": {
					"uv": [
						6.25,
						0.25,
						9,
						1.25
					],
					"texture": "#0"
				},
				"south": {
					"uv": [
						6.25,
						0.25,
						9,
						1.25
					],
					"texture": "#0"
				},
				"west": {
					"uv": [
						6.25,
						0.25,
						9,
						1.25
					],
					"texture": "#0"
				},
				"up": {
					"uv": [
						6.25,
						0.25,
						9,
						1.25
					],
					"texture": "#0"
				},
				"down": {
					"uv": [
						6.25,
						0.25,
						9,
						1.25
					],
					"texture": "#0"
				}
			}
		},
		{
			"from": [
				6.56107,
				13.80201,
				-13.72191
			],
			"to": [
				7.07662,
				14.83311,
				-10.49759
			],
			"rotation": {
				"angle": 22.5,
				"axis": "x",
				"origin": [
					6.81884,
					13.54424,
					-9.46649
				]
			},
			"faces": {
				"north": {
					"uv": [
						6.25,
						0.25,
						9,
						1.25
					],
					"texture": "#0"
				},
				"east": {
					"uv": [
						6.25,
						0.25,
						9,
						1.25
					],
					"texture": "#0"
				},
				"south": {
					"uv": [
						6.25,
						0.25,
						9,
						1.25
					],
					"texture": "#0"
				},
				"west": {
					"uv": [
						6.25,
						0.25,
						9,
						1.25
					],
					"texture": "#0"
				},
				"up": {
					"uv": [
						6.25,
						0.25,
						9,
						1.25
					],
					"texture": "#0"
				},
				"down": {
					"uv": [
						6.25,
						0.25,
						9,
						1.25
					],
					"texture": "#0"
				}
			}
		},
		{
			"from": [
				6.81884,
				13.80201,
				-14.9824
			],
			"to": [
				6.81884,
				14.83311,
				-13.33311
			],
			"rotation": {
				"angle": 22.5,
				"axis": "x",
				"origin": [
					6.81884,
					13.54424,
					-9.46649
				]
			},
			"faces": {
				"north": {
					"uv": [
						0,
						0,
						1.5,
						1
					],
					"texture": "#0"
				},
				"east": {
					"uv": [
						0,
						0,
						1.5,
						1
					],
					"texture": "#0"
				},
				"south": {
					"uv": [
						0,
						0,
						1.5,
						1
					],
					"texture": "#0"
				},
				"west": {
					"uv": [
						0,
						0,
						1.5,
						1
					],
					"texture": "#0"
				},
				"up": {
					"uv": [
						0,
						0,
						1.5,
						1
					],
					"texture": "#0"
				},
				"down": {
					"uv": [
						0,
						0,
						1.5,
						1
					],
					"texture": "#0"
				}
			}
		}
	],
	"display": {
		"thirdperson_righthand": {
			"translation": [5, -16, 11],
			"scale": [1, 1, 1]
		},
		"thirdperson_lefthand": {
			"translation": [-5, -16, 11],
			"scale": [1, 1, 1]
		},
		"gui": {
			"translation": [0, 0, 0],
			"scale": [1, 1, 1]
		}
	}
}